Text,X,Y,Z,Floor
신학연구동,292.5419593717078,926.9355359360072,0.0,1F
163 화장실,660.903979690537,634.1954394366259,0.0,1F
교수휴게실,832.8481529414282,244.8163451680667,0.0,1F
공과대학행정팀,827.2553720831029,238.75026514931835,0.0,1F
공과대학장,832.8481529414282,226.78136624374756,0.0,1F
공과대학행정팀,883.5255942074514,238.75026514931835,0.0,1F
공과대학장,889.1183750657768,226.78136624374756,0.0,1F
100-A,744.8711958976077,521.341695889847,0.0,1F
교수연구실,656.88878363921,749.3712662233628,0.0,1F
공과대학행정팀,651.4484325447363,743.3106018886515,0.0,1F
교수연구실,656.88878363921,786.8339245414644,0.0,1F
공과대학행정팀,651.4484325447363,780.7732602067531,0.0,1F
교수연구실,656.88878363921,824.2966619206468,0.0,1F
공과대학행정팀,651.4484325447363,818.3883087581657,0.0,1F
공과대학 교우회,650.3603148891932,674.2934802927676,0.0,1F
공과대학행정팀,651.4484325447363,668.3906218754046,0.0,1F
공과대학장,656.88878363921,656.2640356441069,0.0,1F
교수연구실,761.3447580059604,824.2966619206468,0.0,1F
공과대학행정팀,755.7519771476357,818.3883087581657,0.0,1F
교수연구실,761.3447580059604,786.8339245414644,0.0,1F
공과대학행정팀,755.7519771476357,780.7732602067531,0.0,1F
교수연구실,761.3447580059604,749.3712662233628,0.0,1F
공과대학행정팀,755.7519771476357,743.3106018886515,0.0,1F
교수연구실,656.88878363921,863.1574363922488,0.0,1F
공과대학행정팀,651.4484325447363,857.0913959040408,0.0,1F
교수연구실,761.3447580059604,863.1574363922488,0.0,1F
공과대학행정팀,755.7519771476357,857.0913959040408,0.0,1F
행정실 및 PBL라운지,644.919884733639,711.913904997677,0.0,1F
융합에너지공학과,648.6519630544934,705.8478645094693,0.0,1F
차세대통신학과 행정실,746.4271179684564,693.1064993135919,0.0,1F
공과대학행정팀,755.7519771476357,687.0403402337627,0.0,1F
공과대학행정팀,1054.9747660312303,282.58366536116904,0.0,1F
공과대학장,1060.4151961867842,270.6147664555982,0.0,1F
연구부학장실,905.2872357685874,349.27228988691184,0.0,1F
공과대학행정팀,902.4854691859287,343.3639762549714,0.0,1F
사업부학장실,995.7504266214521,367.92202801054015,0.0,1F
공과대학행정팀,992.9541152533701,362.0136946133295,0.0,1F
교학부학장실,1053.2664932576106,360.9256560188671,0.0,1F
공과대학행정팀,1050.4647266749512,355.0227976015042,0.0,1F
공과대학행정팀,997.4586993950709,235.79610833334803,0.0,1F
기획부장실,946.7867133436251,244.8163451680667,0.0,1F
공과대학행정팀,941.3462831880704,238.75026514931835,0.0,1F
멀티미디어지원실,787.1486345080698,244.8163451680667,0.0,1F
공과대학행정팀,789.9504010907291,238.75026514931835,0.0,1F
공과대학장,795.5431819490534,226.78136624374756,0.0,1F
공과대학행정팀,661.3989020565692,238.75026514931835,0.0,1F
공과대학장,666.9971381294718,226.78136624374756,0.0,1F
공과대학행정실,547.9282251307582,333.1033501230198,0.0,1F
공과대학행정팀,547.9282251307582,327.0427055535789,0.0,1F
공과대학장,553.5209269280026,315.073816530643,0.0,1F
ELEV실,771.2952275177934,336.6777015876065,0.0,1F
ELEV실,690.7772090843458,327.5105890299651,0.0,1F
FL01,528.342660758547,514.1929929606737,0.0,1F
기업산학협력센터,592.8497034676121,245.27877342987537,0.0,1F
기업산학협력센터,592.8497034676121,239.37591501251248,0.0,1F
공과대학행정팀,547.3075165851166,222.26205697574093,0.0,1F
공과대학장,551.5025765953453,213.245575542362,0.0,1F
공과대학행정팀,499.1172578611066,223.97159472665365,0.0,1F
공과대학장,503.3163104559177,214.95511329327456,0.0,1F
공과대학행정팀,1008.4973656235279,302.94715123826444,0.0,1F
공과대학장,1014.0955226353493,290.9782128021532,0.0,1F
"(0,0) 원점",-8.965535413444304,-11.61390840088934,0.0,1F
반도체 및 나노광소자 연구실,872.9549851918862,346.87971377594056,0.0,2F
전기전자공학부,887.7248290135384,341.5934548877955,0.0,2F
교수연구실,498.4870879333092,244.13226557623472,0.0,2F
교수연구실,836.5823235185693,253.76996659721837,0.0,2F
건축사회환경공학부,826.790447111884,248.4836879429983,0.0,2F
교수연구실,873.4224133356147,244.13226557623472,0.0,2F
전기전자공학부,868.6036023572726,238.84598692201465,0.0,2F
교수연구실,572.3214429531018,230.29731757418958,0.0,2F
전기전자공학부,567.50263197476,225.01103891996937,0.0,2F
교수연구실,685.3331075728811,250.97018112501996,0.0,2F
건축사회환경공학부,675.6954065518976,245.68390247079986,0.0,2F
공과대학행정팀,646.160620895216,478.6993522939593,0.0,2F
공과대학장,651.1337653878603,468.2857932935429,0.0,2F
교수연구실,648.4930177558364,244.13226557623472,0.0,2F
200-1A,1068.66308506591,261.06178041133296,0.0,2F
N-TEAM,1067.7329726364746,257.33077560949437,0.0,2F
공과대학행정팀,666.0577055309141,633.9915212385563,0.0,2F
공과대학장,671.0307709592579,623.5780413024402,0.0,2F
화장실(남),652.3769724467212,372.8388757470664,0.0,2F
교수연구실,461.0253550546836,244.13226557623472,0.0,2F
전기전자공학부,456.0474271718673,238.84598692201465,0.0,2F
교수연구실,311.0145627776843,244.13226557623472,0.0,2F
건축사회환경공학부,301.22264683884845,238.84598692201465,0.0,2F
공과대학행정팀,645.2257646077591,440.4617812019759,0.0,2F
공과대학장,650.0446546504013,429.8892238935356,0.0,2F
교수연구실,984.877618138507,235.27038300253355,0.0,2F
건축사회환경공학부,975.0856626675206,229.98410434831348,0.0,2F
교수연구실,423.4045843358837,244.13226557623472,0.0,2F
건축사회환경공학부,413.76688331489987,238.84598692201465,0.0,2F
환경중심 신소재 공정 연구실,1003.8445903447697,348.43623289105284,0.0,2F
신소재공학부,1021.096025361821,343.304169154685,0.0,2F
교수연구실,535.9488603440851,244.13226557623472,0.0,2F
건축사회환경공학부,526.3111593231016,238.84598692201465,0.0,2F
ELEV실,691.7036345100885,326.9827082045429,0.0,2F
교수연구실,271.533725328615,258.27556434968375,0.0,2F
건축사회환경공학부,261.74180938977906,252.98928569546354,0.0,2F
해동학술정보실,719.6867042079049,751.6630578268788,0.0,2F
공과대학행정팀,719.6867042079049,746.3768187048091,0.0,2F
공과대학장,724.6597696362487,735.9632597043927,0.0,2F
교수연구실,948.50487740089,244.13226557623472,0.0,2F
건축사회환경공학부,938.7130009942047,238.84598692201465,0.0,2F
교수연구실,798.4989475783623,244.13226557623472,0.0,2F
전기전자공학부,793.6801366000213,238.84598692201465,0.0,2F
교수연구실,385.9428514572578,244.13226557623472,0.0,2F
교수연구실,235.93692163473096,244.13226557623472,0.0,2F
건축사회환경공학부,226.29922061374717,238.84598692201465,0.0,2F
공과대학행정팀,666.0577055309141,591.0893936182335,0.0,2F
공과대학장,671.0307709592579,580.5168363097932,0.0,2F
미세조직제어연구실,1049.5465232033662,332.11477194091077,0.0,2F
신소재공학부,1056.8519064280306,326.82851305276586,0.0,2F
교수연구실,913.2165035427101,249.72693453400913,0.0,2F
교수연구실,348.1678658206058,249.5727196161569,0.0,2F
전기전자공학부,343.34901531011377,244.28644096193682,0.0,2F
공과대학행정팀,627.3527260612774,594.351744779688,0.0,2F
공과대학장,632.1715370396191,583.7791874712476,0.0,2F
교수연구실,607.7641503255842,251.43760926874842,0.0,2F
건축사회환경공학부,598.1264493046004,246.30554553238042,0.0,2F
공과대학행정팀,962.339785870785,343.304169154685,0.0,2F
공과대학장,967.158675913427,332.7364347685665,0.0,2F
교수연구실,760.7240014738611,257.8081362059556,0.0,2F
건축사회환경공학부,750.9321250671752,252.5266804740573,0.0,2F
교수연구실,723.4164835130875,244.13226557623472,0.0,2F
전기전자공학부,718.597672534746,238.84598692201465,0.0,2F
공과대학행정팀,627.3527260612774,630.724406453005,0.0,2F
공과대학장,632.1715370396191,620.3108672186637,0.0,2F
ELEV실,772.2265921474363,336.62040922552643,0.0,2F
FL02,732.2760336899281,296.4380836545505,0.0,2F
컴퓨터연구실,457.448920960049,352.5219794425317,0.0,2F
전기전자공학부,455.42811650714737,348.01555151491243,0.0,2F
반도체나노소재 연구실,374.907016880858,345.99474706201096,0.0,2F
신소재공학부,383.9198727360966,341.4842868550734,0.0,2F
나노소자연구실,569.3693401062598,332.93630931987667,0.0,2F
전기전자공학부,569.3693401062598,328.58350332785665,0.0,2F
건축설계연구실(IV),230.33845759053932,347.70435442869547,0.0,2F
디스플레이및나노시스템연구실,595.1750580364616,347.70435442869547,0.0,2F
전기전자공학부,609.785508228588,343.1939535199831,0.0,2F
컴퓨터시스템연구실,416.5639806008858,334.33471960034404,0.0,2F
전기전자공학부,420.7632041894565,329.8283114387998,0.0,2F
이동네트워크 및 통신연구실,524.2891689056949,353.45557070118264,0.0,2F
전기전자공학부,536.2604527518041,348.9451104942451,0.0,2F
환경생명공학연구실,267.4930256622663,360.6051972541374,0.0,2F
건축사회환경공학부,267.4930256622663,356.09882862474325,0.0,2F
해안유체역학연구실,304.95475854089204,348.9451104942451,0.0,2F
건축사회환경공학부,304.95475854089204,344.4387418648511,0.0,2F
극한환경용 합금설계 연구실,338.37488251371497,360.14043753054614,0.0,2F
신소재공학부,352.3669312805754,355.6299773236084,0.0,2F
컴퓨터구조 및 시스템 소프트웨어 연구실,470.81458280730686,324.54189442205393,0.0,2F
전기전자공학부,494.59945675245734,320.0314342151164,0.0,2F
공과대학행정팀,627.1940440104551,740.7713970021854,0.0,2F
공과대학장,630.6138912582268,733.1519703764919,0.0,2F
공과대학행정팀,627.1940440104551,804.6605699368941,0.0,2F
공과대학장,630.6138912582268,797.1985603332173,0.0,2F
공과대학행정팀,627.1940440104551,719.4726604497051,0.0,2F
공과대학장,630.6138912582268,711.8567126532274,0.0,2F
공과대학행정팀,627.1940440104551,698.0235435979403,0.0,2F
공과대학장,630.6138912582268,690.4041169722466,0.0,2F
공과대학행정팀,627.1940440104551,783.3619124487144,0.0,2F
공과대학장,630.6138912582268,775.899823780737,0.0,2F
공과대학행정팀,627.1940440104551,762.0666547254499,0.0,2F
공과대학장,630.6138912582268,754.450706928972,0.0,2F
공과대학행정팀,627.9736970763047,824.2459831005731,0.0,2F
공과대학장,631.3935443240764,816.7838944325957,0.0,2F
교수연구실,1023.4283431581412,241.48669502188866,0.0,2F
전기전자공학부,1018.6095321798,236.20041636766828,0.0,2F
"(0,0) 원점",-8.965535413444304,-11.61390840088934,0.0,2F
ELEV실,775.4928173078054,336.65337903877656,0.0,3F
PS실,849.9505943359358,310.6951460731801,0.0,3F
PS실,776.8907532024699,377.06919137175333,0.0,3F
PS실,696.5241847512345,383.75494767449584,0.0,3F
ELEV실,694.9703340562595,327.48354101517316,0.0,3F
PS실,654.3985673908227,311.0043270197379,0.0,3F
PS실,651.1349512005625,569.6694317272264,0.0,3F
PS실,651.1349512005625,504.69067366925646,0.0,3F
도시계획및도시설계연구실,1013.7912744997574,352.5219794425315,0.0,3F
건축공간행태연구실,1057.0041841187203,342.7291542642416,0.0,3F
스마트구조 연구실,980.3711109947849,344.7499587171431,0.0,3F
건축사회환경공학부,978.9727797786175,340.23949851020535,0.0,3F
건축역사연구실,950.8350603092966,342.5715000493239,0.0,3F
건축문화유산연구실,904.9788730006984,342.4179374119496,0.0,3F
건축디자인연구실I,867.5171005899225,344.28110741600824,0.0,3F
에너지저장 및 변환재료 실험실,639.0107569975568,689.1722161083375,0.0,3F
신소재공학부,658.7535871832525,683.8907999085894,0.0,3F
환경재료.촉매연구실,265.62706848981657,370.198128115042,0.0,3F
건축사회환경공학부,266.0944966335448,364.91182969474676,0.0,3F
스마트콘 CNS 솔루션 연구실,482.32104747979656,367.24420678929187,0.0,3F
건축사회환경공학부,492.1129238864822,361.95790836899664,0.0,3F
하천연구실,575.8983117495849,364.29022616531637,0.0,3F
건축사회환경공학부,566.2606107286014,359.0039672771712,0.0,3F
빌딩포렌식 연구실,605.1197655839402,336.46621407374937,0.0,3F
건축사회환경공학부,603.5681286893748,331.17991565345403,0.0,3F
FL03,736.4766407519513,296.90768606653864,0.0,3F
300-1B,202.67144728160855,228.94152295161612,0.0,3F
복도(내부2),198.62983837580586,224.43509502399675,0.0,3F
300-1A,202.5137930666907,287.23373406384,0.0,3F
복도(내부1),198.62983837580586,282.7273456683709,0.0,3F
구조시스템 연구실,337.1339286356111,362.5795711966522,0.0,3F
건축사회환경공학부,335.577468818724,357.29327277635684,0.0,3F
도시에너지환경연구실,373.97405798480656,340.04181799323027,0.0,3F
건축사회환경공학부,376.30641531327655,334.90969495863703,0.0,3F
건축사회환경공학부세미나실 I,741.9172924526247,598.7031473803764,0.0,3F
건축사회환경공학부,753.2608848181758,593.4168884922315,0.0,3F
건축사회환경공학부행정실,745.9554225292117,484.761449395462,0.0,3F
건축사회환경공학부,753.2608848181758,479.47519050731694,0.0,3F
교수연구실,458.0677966193132,241.01926687816004,0.0,3F
건축사회환경공학부,448.4300955983297,235.73781114626203,0.0,3F
교수연구실,311.0157881225365,244.13226557623472,0.0,3F
건축사회환경공학부,301.2239117158508,238.8459869220145,0.0,3F
교수연구실,835.9619848661412,244.13226557623472,0.0,3F
건축사회환경공학부,826.1652064728331,238.8459869220145,0.0,3F
교수연구실,572.7901359738321,251.2786109607244,0.0,3F
건축사회환경공학부,562.9982595671468,246.1513306145282,0.0,3F
교수연구실,424.6490958038966,251.2786109607244,0.0,3F
건축사회환경공학부,414.857179865061,245.99715522882607,0.0,3F
첨단수자원공학연구실,408.1734397019776,359.7846481789261,0.0,3F
건축사회환경공학부,410.5009345759756,354.4983497586307,0.0,3F
교수연구실,685.9559759793141,244.13226557623472,0.0,3F
교수연구실,536.5717287505178,237.6027007988534,0.0,3F
건축사회환경공학부,526.7749503572097,232.31642214463318,0.0,3F
강구조연구실,533.4635529747653,348.43623289105284,0.0,3F
건축사회환경공학부,526.1533468277795,343.30416915468487,0.0,3F
교수연구실,948.5061422778923,244.13226557623472,0.0,3F
교수연구실,648.3352052605145,251.90025402230495,0.0,3F
건축사회환경공학부,638.6975042395304,246.61875875825652,0.0,3F
교수연구실,911.0396260090945,244.13226557623472,0.0,3F
교수연구실,270.13266624228197,253.6109287570441,0.0,3F
건축사회환경공학부,260.34078983559635,248.32947302514592,0.0,3F
교수연구실,1023.4296080351439,244.13226557623472,0.0,3F
교수연구실,384.85500559680094,238.8459869220145,0.0,3F
건축사회환경공학부,375.2173045758174,233.71388365349637,0.0,3F
교수연구실,236.5597900411635,236.20041636766828,0.0,3F
건축사회환경공학부,226.76305118000585,230.91896063577,0.0,3F
교수연구실,349.0991640627428,254.23253228647454,0.0,3F
건축사회환경공학부,339.46146304175915,248.95111608672647,0.0,3F
교수연구실,873.4236782126173,244.13226557623472,0.0,3F
물환경플랜트공학연구실,446.7242437859123,342.3741357895501,0.0,3F
건축사회환경공학부,451.54309429640404,337.08783736925477,0.0,3F
공과대학행정팀,653.6215234468847,780.8894136478563,0.0,3F
공과대학장,658.4403344252262,770.4710317251182,0.0,3F
수문학연구실,308.52929494051466,348.43623289105284,0.0,3F
건축사회환경공학부,301.2239117158508,343.30416915468487,0.0,3F
건축학과 세미나실,650.3590932211296,465.17767681601566,0.0,3F
공과대학행정팀,758.0796957965176,762.2356151353196,0.0,3F
공과대학장,762.8985858391596,751.6630578268791,0.0,3F
교수연구실,800.9867056373872,252.5266804740573,0.0,3F
건축사회환경공학부,791.1900063083799,247.3946167376893,0.0,3F
지반공학연구실,231.11925693694096,348.43623289105284,0.0,3F
건축사회환경공학부,226.30040642644906,343.30416915468487,0.0,3F
건축사회환경공학부 회의실,483.40529576278334,248.17043518497178,0.0,3F
건축사회환경공학부,491.4913203570519,242.88897945307363,0.0,3F
교수연구실,610.251829320308,239.62180536929714,0.0,3F
건축사회환경공학부,600.4599529136221,234.33552671507678,0.0,3F
공과대학행정팀,758.0796957965176,687.1531510700439,0.0,3F
공과대학장,762.8985858391596,676.7395920696275,0.0,3F
건축학과회의실,756.0605516939236,244.13226557623472,0.0,3F
건축학과행정실,718.5988583474483,244.13226557623472,0.0,3F
교수연구실,985.9679146886685,244.13226557623472,0.0,3F
건축사회환경공학부,976.1711362953605,238.8459869220145,0.0,3F
차세대 전지 X 전기화학 촉매 연구실,735.3877672073936,843.6886061378021,0.0,3F
전문연구정보센터,755.5931235501954,838.4023670157321,0.0,3F
미화원휴게실,1059.8022697084607,263.8702333074582,0.0,3F
"(0,0) 원점",-8.965535413444304,-11.61390840088934,0.0,3F
지상 4층 평면도,602.1735924078212,42.238837005559105,0.0,4F
반도체소자 및 회로 연구실,978.196289132978,348.5904280428301,0.0,4F
전기전자공학부,990.6289131716879,343.304169154685,0.0,4F
차세대반도체연구실,1038.5090675052018,348.5904280428301,0.0,4F
전기전자공학부,1043.4820538692456,343.304169154685,0.0,4F
인공지능 정보시스템 공학연구실 WISELAB,364.02425048634774,361.1704081713358,0.0,4F
전기전자공학부,385.00831112339523,357.4394429016475,0.0,4F
FL04,735.2341451199901,293.27597614291494,0.0,4F
교수연구실,461.0229828220654,244.13226557623472,0.0,4F
전기전자공학부,456.20413231157363,238.84598692201465,0.0,4F
지능신호처리연구실,532.5294081142081,347.02256320061605,0.0,4F
전기전자공학부,536.10311449048,343.29159793092776,0.0,4F
PS실,694.3468328318164,383.7198035929858,0.0,4F
세미나실2,764.143057775022,617.3569261268384,0.0,4F
산업경영공학부,758.2351360592213,612.2296853127925,0.0,4F
교수연구실,873.5791184753213,244.13226557623472,0.0,4F
전기전자공학부,868.7603074969792,238.84598692201465,0.0,4F
전기전자공학부 세미나실II,641.806944892285,711.0931096403505,0.0,4F
전기전자공학부,653.7769637095886,705.9611249682831,0.0,4F
ELEV실,772.3832972871427,336.7745846112286,0.0,4F
초고주파연구실,311.01689487093756,347.02256320061605,0.0,4F
전기전자공학부,311.01689487093756,343.29159793092776,0.0,4F
용역대기실,834.8740599413841,349.2120908704856,0.0,4F
ELEV실,691.8603396497948,327.45013634827114,0.0,4F
세미나실1,764.143057775022,542.4334603695869,0.0,4F
산업경영공학부,758.2351360592213,537.1471619492917,0.0,4F
공과대학행정팀,758.2351360592213,705.9611249682831,0.0,4F
공과대학장,763.0540261018633,695.393311517864,0.0,4F
이동네트워크 및 통신연구실,338.6867513428775,347.02256320061605,0.0,4F
전기전자공학부,348.63501693567537,343.29159793092776,0.0,4F
학부행정실,686.111416242018,244.13226557623472,0.0,4F
전기전자공학부,681.133527891352,238.84598692201465,0.0,4F
PS실,649.1122490526487,504.6584549668598,0.0,4F
PS실,649.1122490526487,569.6358491656484,0.0,4F
교수연구실,948.5025051682718,244.13226557623472,0.0,4F
전기전자공학부,943.6836941899305,238.84598692201465,0.0,4F
전력망융합기술연구실,230.80481806260534,347.02256320061605,0.0,4F
전기전자공학부,236.09188735982912,343.29159793092776,0.0,4F
교수연구실,986.1233549513728,244.13226557623472,0.0,4F
전기전자공학부,981.1454666007068,238.84598692201465,0.0,4F
전기전자공학부 세미나실I,893.6303784967215,348.5904280428301,0.0,4F
전기전자공학부,904.9787147202932,343.304169154685,0.0,4F
PS실,774.8697904691643,377.1902783477547,0.0,4F
디지털미디어연구실,495.06518471012083,347.02256320061605,0.0,4F
전기전자공학부,498.64236991560887,343.29159793092776,0.0,4F
PS실,847.7741121238219,310.81549182136564,0.0,4F
교수연구실,311.0170529995383,244.13226557623472,0.0,4F
융합연구원,311.0170529995383,238.84598692201465,0.0,4F
교수연구실,348.63296126386604,244.13226557623472,0.0,4F
전기전자공학부,343.65989583552204,238.84598692201465,0.0,4F
무선통신네트워크연구실,266.5591178428066,347.02256320061605,0.0,4F
전기전자공학부,273.5526714668506,343.29159793092776,0.0,4F
차세대반도체연구실,420.1401771990124,347.02256320061605,0.0,4F
전기전자공학부,423.5600244467841,343.29159793092776,0.0,4F
통신신호처리연구실,570.1475697110959,347.02256320061605,0.0,4F
전기전자공학부,573.5673378945673,343.29159793092776,0.0,4F
PS실,652.3795022007254,310.9745296615398,0.0,4F
교수연구실,1023.5850482978475,244.13226557623472,0.0,4F
전기전자공학부,1018.7662373195067,238.84598692201465,0.0,4F
교수연구실,236.09354771013662,244.13226557623472,0.0,4F
전기전자공학부,231.27469719964472,238.84598692201465,0.0,4F
디지털미디어연구실II,607.919511372184,347.02256320061605,0.0,4F
전기전자공학부,612.2730289429072,343.29159793092776,0.0,4F
교수연구실,761.0348819992696,244.13226557623472,0.0,4F
전기전자공학부,756.2159919566278,238.84598692201465,0.0,4F
전기전자공학부 교수라운지,745.1809084910814,467.35093700608627,0.0,4F
전기전자공학부,758.2351360592213,462.2236961920403,0.0,4F
교수연구실,498.6389306185434,244.13226557623472,0.0,4F
전기전자공학부,493.66586519019927,238.84598692201465,0.0,4F
교수연구실,611.0289521767428,244.13226557623472,0.0,4F
전기전자공학부,606.2100621341008,238.84598692201465,0.0,4F
교수연구실,911.0408118217964,244.13226557623472,0.0,4F
전기전자공학부,906.2219217791544,238.84598692201465,0.0,4F
교수연구실,386.0995170648138,244.13226557623472,0.0,4F
전기전자공학부,381.28070608647204,238.84598692201465,0.0,4F
교수연구실,536.1054073551907,244.13226557623472,0.0,4F
전기전자공학부,531.2865963768489,238.84598692201465,0.0,4F
영상처리연구실,461.024247850871,347.02256320061605,0.0,4F
전기전자공학부,461.024247850871,343.29159793092776,0.0,4F
교수연구실,798.4965753457452,244.13226557623472,0.0,4F
전기전자공학부,793.6777643674031,238.84598692201465,0.0,4F
교수연구실,273.5553201209125,244.13226557623472,0.0,4F
전기전자공학부,268.7364696104207,238.84598692201465,0.0,4F
교수연구실,423.56124994343946,244.13226557623472,0.0,4F
전기전자공학부,418.7423994329477,238.84598692201465,0.0,4F
교수연구실,836.1174251288451,244.13226557623472,0.0,4F
전기전자공학부,831.1394577138791,238.84598692201465,0.0,4F
교수연구실,573.5671797659666,244.13226557623472,0.0,4F
전기전자공학부,568.7483687876248,238.84598692201465,0.0,4F
전기전자공학부 회의실,645.5366451331674,465.17767681601583,0.0,4F
전기전자공학부,653.7769637095886,459.8913783957203,0.0,4F
"(0,0) 원점",-8.965535413444304,-11.61390840088934,0.0,4F
지상 5층 평면도,602.081418012916,41.92148864095972,0.0,5F
전기기기연구실,380.13369553325015,340.809367179537,0.0,5F
전기전자공학부,380.13369553325015,335.52515374714267,0.0,5F
FL05,735.2010615961325,302.7793617529142,0.0,5F
ELEV실,772.3743765348497,336.60992455539315,0.0,5F
공과대학행정팀,702.3893748973701,660.775225337428,0.0,5F
공과대학장,706.5867805603593,651.7536825944677,0.0,5F
나노트로닉스연구실,299.1061494900177,338.78919612226304,0.0,5F
전기전자공학부,303.92749810860187,333.50019681997185,0.0,5F
제어및메카트로닉스연구실,443.9008238056382,339.72453704232083,0.0,5F
전기전자공학부,456.03130323114385,334.4355377400296,0.0,5F
차세대 전력망 연구실,565.2107599043868,354.8105482214802,0.0,5F
전기전자공학부,571.7436700771686,349.5215489191887,0.0,5F
교수연구실,573.4551920787223,243.91957943484456,0.0,5F
전기전자공학부,568.6338830127816,238.63056035623137,0.0,5F
교수연구실,423.6849138337838,245.47202070312377,0.0,5F
전기전자공학부,418.86356521519934,240.18300162451058,0.0,5F
교수연구실,1023.7063513667109,243.91957943484456,0.0,5F
전기전자공학부,1018.8850423007707,238.63056035623137,0.0,5F
교수연구실,984.5136366472741,246.40736162318157,0.0,5F
산업경영공학부,979.5380722705995,241.11834254456824,0.0,5F
전력계통연구실,493.5124959490275,363.2093148118366,0.0,5F
전기전자공학부,493.5124959490275,357.9203155095453,0.0,5F
PS실,772.5286318455833,846.4288485969138,0.0,5F
공과대학행정팀,699.8999314979945,753.4249993336213,0.0,5F
공과대학장,704.875574979956,743.0061210149568,0.0,5F
인지모델 연구실,905.9738727923784,339.4111812219912,0.0,5F
산업경영공학부,906.904467395183,334.12214236705603,0.0,5F
교수연구실,686.3663615871144,246.40736162318157,0.0,5F
산업경영공학부,681.3907181051529,241.11834254456824,0.0,5F
교수연구실,535.9741575714136,243.91957943484456,0.0,5F
전기전자공학부,531.1527694001857,238.63056035623137,0.0,5F
신소재공학부 세미나실,645.6211264941106,465.0795813491925,0.0,5F
신소재공학부,656.1944183340836,459.7905424942573,0.0,5F
공과대학행정팀,635.9795367309677,660.9329612808139,0.0,5F
공과대학장,640.1768632886691,651.9113987615317,0.0,5F
교수연구실,648.7309135584974,236.29699392598405,0.0,5F
산업경영공학부,643.9096044925569,231.00801440001445,0.0,5F
PS실,652.3083710829133,310.79649477161956,0.0,5F
교수연구실,836.4500549813478,246.40736162318157,0.0,5F
산업경영공학부,831.4744114993861,241.11834254456824,0.0,5F
교수연구실,385.89038507189235,243.91957943484456,0.0,5F
전기전자공학부,381.06903645330794,238.63056035623137,0.0,5F
교수연구실,947.9678639547357,238.31714520693575,0.0,5F
산업경영공학부,943.1464757835072,233.03295155086343,0.0,5F
교수연구실,798.8146069527314,238.31714520693575,0.0,5F
산업경영공학부,793.9932978867904,233.03295155086343,0.0,5F
교수연구실,911.4171867343691,246.40736162318157,0.0,5F
산업경영공학부,906.5957985631408,241.11834254456824,0.0,5F
교수연구실,310.92325331887184,243.91957943484456,0.0,5F
전기전자공학부,305.94760983691015,238.63056035623137,0.0,5F
PS실,651.2187748521221,846.4288485969138,0.0,5F
교수연구실,272.1982090594634,241.27263740794552,0.0,5F
전기전자공학부,267.2225655775018,235.9836183293323,0.0,5F
산업경영공학부행정실,730.2261300617589,243.91957943484456,0.0,5F
산업경영공학부,737.3810451105905,238.63056035623137,0.0,5F
ELEV실,691.8096755291051,327.2806424675197,0.0,5F
Informatics,987.3148339849057,339.4111812219912,0.0,5F
산업경영공학부,982.4935249189658,334.12214236705603,0.0,5F
차세대 전력망 연구실,598.3382349110714,340.5007774527824,0.0,5F
전기전자공학부,605.0254003945864,335.2117385978472,0.0,5F
교수연구실,235.80669167765853,243.91957943484456,0.0,5F
산업경영공학부,230.9853430590742,238.63056035623137,0.0,5F
지능시스템연구실,412.9525808131801,351.6959357345523,0.0,5F
전기전자공학부,415.4404025541608,346.56603694185725,0.0,5F
PS실,847.9634340586325,310.63737448570123,0.0,5F
최적화연구실,870.9805413681189,363.6721598493246,0.0,5F
산업경영공학부,868.6470935958032,358.387985969574,0.0,5F
교수연구실,498.17954970423466,244.54150520560702,0.0,5F
전기전자공학부,493.3582010856502,239.25248612699355,0.0,5F
교수연구실,347.7872665832464,241.7403078679744,0.0,5F
전기전자공학부,342.80679767874375,236.6055836527385,0.0,5F
PS실,774.8621587231864,377.0465699216426,0.0,5F
통신 및 정보시스템연구실,259.1371745837969,368.65262875382706,0.0,5F
전기전자공학부,270.6457282385403,363.36362945153576,0.0,5F
교수연구실,610.3144590258437,246.40736162318157,0.0,5F
산업경영공학부,605.338815543882,241.11834254456824,0.0,5F
연구및자료실,194.58896070208473,263.9811945433215,0.0,5F
전기전자공학부,192.26025924702205,258.6921754647083,0.0,5F
공과대학행정팀,773.4657130819671,661.709300572885,0.0,5F
공과대학장,777.6630396396682,652.6878171588904,0.0,5F
전력계통연구실,530.2174284801275,345.9440913947729,0.0,5F
전기전자공학부,530.2174284801275,340.809367179537,0.0,5F
세미나실1,764.1298652552267,542.3754145572756,0.0,5F
산업경영공학부,758.2237853810359,537.0863757023407,0.0,5F
PS실,649.0443287077926,569.5919051619406,0.0,5F
PS실,649.0443287077926,504.58082646641856,0.0,5F
세미나실3(회의실),758.8457111517981,470.9857403286709,0.0,5F
산업경영공학부,761.6420830668898,465.70152689627685,0.0,5F
지능시스템설계연구실,936.7679000267464,365.3837609561657,0.0,5F
산업경영공학부,944.0769912810247,360.25384238714867,0.0,5F
교수연구실,461.0118116882902,243.91957943484456,0.0,5F
전기전자공학부,456.03130323114385,238.63056035623137,0.0,5F
교수연구실,873.9360731217723,238.31714520693575,0.0,5F
산업경영공학부,869.1147640558324,233.03295155086343,0.0,5F
반도체 및 마이크로/나노시스템연구실,320.5659505560405,362.7416443518077,0.0,5F
전기전자공학부,345.1403245563473,357.4526450495164,0.0,5F
반도체소자 및 회로 연구실,219.31762956576873,333.8135526403014,0.0,5F
전기전자공학부,231.60726882983653,328.6788284250655,0.0,5F
데이터 애널리틱스 및 의료정보 연구실,995.8679349912835,368.65262875382706,0.0,5F
산업경영공학부,1021.2185691783739,363.36362945153576,0.0,5F
물류/교통정보시스템연구실,1044.0814211771276,342.36663387035713,0.0,5F
산업경영공학부,1057.1472415226913,337.0775950154219,0.0,5F
"(0,0) 원점",-8.965535413444304,-11.61390840088934,0.0,5F
지상 6층 평면도,602.1735924078212,42.238837005559034,0.0,6F
교수연구실,498.6389306185434,244.13226557623457,0.0,6F
신소재공학부,496.1523583722212,238.8459869220145,0.0,6F
교수연구실,948.5025051682718,244.13226557623457,0.0,6F
신소재공학부,946.1702664362524,238.8459869220145,0.0,6F
기능성 나노구조 실험실,413.4556068607753,347.7043544286953,0.0,6F
신소재공학부,423.24847157121536,343.1939535199831,0.0,6F
반도체박막 연구실,585.3782002752462,348.5904280428301,0.0,6F
신소재공학부,591.1318675410446,343.30416915468487,0.0,6F
태양전지 실험실,1035.0876389714235,348.7446627267573,0.0,6F
신소재공학부,1038.3499901328769,343.45836430646193,0.0,6F
교수연구실,836.1174251288451,244.13226557623457,0.0,6F
신소재공학부,833.6308528825228,238.8459869220145,0.0,6F
교수연구실,986.1233549513728,244.13226557623457,0.0,6F
신소재공학부,983.6367827050506,238.8459869220145,0.0,6F
광전자재료 실험실,305.8880727708843,347.7043544286953,0.0,6F
신소재공학부,310.7056582525704,343.1939535199831,0.0,6F
극한 환경용 합금 설계 및 공정 실험실,861.3006698223129,348.5904280428301,0.0,6F
신소재공학부,888.3440603103508,343.30416915468487,0.0,6F
교수연구실,386.0995170648138,244.13226557623457,0.0,6F
신소재공학부,383.6081614283199,238.8459869220145,0.0,6F
교수연구실,1023.5850482978475,244.13226557623457,0.0,6F
신소재공학부,1021.0984760515256,238.8459869220145,0.0,6F
교수연구실,236.09354771013662,244.13226557623457,0.0,6F
신소재공학부,233.60223160579278,238.8459869220145,0.0,6F
교수연구실,648.6448209089199,244.13226557623457,0.0,6F
신소재공학부,646.1584067911988,238.8459869220145,0.0,6F
교수연구실,273.5553201209125,244.13226557623457,0.0,6F
신소재공학부,271.22296279244256,238.8459869220145,0.0,6F
PS실,696.9913755502582,367.43164847937044,0.0,6F
PS실,849.7941259337194,310.6951460731801,0.0,6F
교수연구실,536.1054073551907,244.13226557623457,0.0,6F
신소재공학부,533.6189932374692,238.8459869220145,0.0,6F
신소재공학부자료실2,675.0714307898494,244.13226557623457,0.0,6F
신소재공학부,683.6249230599964,238.8459869220145,0.0,6F
나노전자유기복합재료연구실 I,444.39014689103044,337.7539343337128,0.0,6F
신소재공학부,460.4030396429425,333.24752617216853,0.0,6F
PS실,777.0461934651738,377.06919137175316,0.0,6F
신소재공학부자료실1,562.5320172361198,244.13226557623457,0.0,6F
신소재공학부,571.0806865839446,238.8459869220145,0.0,6F
교수연구실,873.5791184753213,244.13226557623457,0.0,6F
신소재공학부,871.0925462289982,238.8459869220145,0.0,6F
광전자재료 연구실,343.34976611736,347.7043544286953,0.0,6F
신소재공학부,348.1673911311962,343.1939535199831,0.0,6F
유기반도체공정 연구실,489.15912100537867,347.7043544286953,0.0,6F
신소재공학부,498.17596960778536,343.1939535199831,0.0,6F
ELEV실,775.648257570509,336.6533790387767,0.0,6F
나노 광전소재 연구실,962.1832382524647,347.1929665339669,0.0,6F
신소재공학부,971.1993357440184,341.9067076458218,0.0,6F
교수연구실,911.0408118217964,244.13226557623457,0.0,6F
신소재공학부,908.7084940254765,238.8459869220145,0.0,6F
교수연구실,423.56124994343946,244.13226557623457,0.0,6F
신소재공학부,421.2289321471199,238.8459869220145,0.0,6F
광전자재료 실험실,230.80695279871492,347.7043544286953,0.0,6F
신소재공학부,235.78219249531904,343.1939535199831,0.0,6F
전자재료 연구실,382.2099488086032,347.7043544286953,0.0,6F
신소재공학부,385.7867386925897,343.1939535199831,0.0,6F
극한 환경용 합금 설계 및 공정 연구실,1043.4827654479489,263.2952381830899,0.0,6F
신소재공학부,1066.645284752815,258.94243219107017,0.0,6F
신소재공학부행정실,732.5892070800469,244.13226557623457,0.0,6F
신소재공학부,739.8945903047106,238.8459869220145,0.0,6F
교수연구실,798.6556527180688,244.13226557623457,0.0,6F
신소재공학부,796.1643366137254,238.8459869220145,0.0,6F
교수연구실,311.0170529995383,244.13226557623457,0.0,6F
신소재공학부,308.68473520321845,238.8459869220145,0.0,6F
교수연구실,461.0229828220654,244.13226557623457,0.0,6F
신소재공학부,458.69066502574555,238.8459869220145,0.0,6F
자성재료 연구실,270.4471048130098,347.7043544286953,0.0,6F
신소재공학부,273.24392537394465,343.1939535199831,0.0,6F
ELEV실,695.590830533681,327.48354101517333,0.0,6F
FL06,734.6096162114466,294.8298268378899,0.0,6F
교수연구실,348.63296126386604,244.13226557623457,0.0,6F
신소재공학부,346.1464680818444,238.8459869220145,0.0,6F
교수연구실,611.0289521767428,244.13226557623457,0.0,6F
신소재공학부,608.6966343804229,238.8459869220145,0.0,6F
반도체박막연구실,531.7496759840574,338.99872267858075,0.0,6F
신소재공학부,535.9489391047782,334.4882822377182,0.0,6F
PS실,651.2903914632661,569.6694317272264,0.0,6F
PS실,651.2903914632661,504.69067366925657,0.0,6F
"(0,0) 원점",-8.965535413444304,-11.61390840088934,0.0,6F
BOARD,937.8788541281854,234.80755985969773,0.0,7F
BOARD,1012.8461211350876,234.80755985969773,0.0,7F
BOARD,796.7540115316508,234.80755985969773,0.0,7F
BOARD,946.6803922724475,234.80755985969773,0.0,7F
지상 7층 평면도,650.1020092103658,30.71252187237318,0.0,7F
BOARD,935.0513470100586,339.47236441828335,0.0,7F
PS실,696.9428823672865,367.4404089170356,0.0,7F
ELEV실,695.5268506878241,327.52308337176544,0.0,7F
PS실,654.5088532702268,311.02021933478676,0.0,7F
PS실,849.6980491709952,310.86260937351216,0.0,7F
PS실,776.9352033696381,377.18396982971166,0.0,7F
ELEV실,775.5218894478444,336.7937744335933,0.0,7F
MODELS ROOM,958.1382587687298,349.2595693217575,0.0,7F
CAD ROOM,890.5593758523949,351.61378693527854,0.0,7F
LIBRARY,1047.8747002221019,314.3034404584785,0.0,7F
SEMINAR 4,910.9901191271433,244.21198058563743,0.0,7F
OPEN STUDIO,437.47460099730216,286.0174083207275,0.0,7F
EXHIBITION HALL,716.7442249395749,244.21198058563743,0.0,7F
SEMINAR 1,798.9373701152617,244.21198058563743,0.0,7F
SEMINAR 2,836.0267688886471,244.21198058563743,0.0,7F
SEMINAR 6,986.1092608272982,244.21198058563743,0.0,7F
SEMINAR 3,873.4280703215449,244.21198058563743,0.0,7F
SEMINAR 5,948.5520879986933,244.21198058563743,0.0,7F
FL07,750.691336309554,291.20109143657805,0.0,7F
ROBOT ARM ROOM,639.7395988897078,252.3869556861811,0.0,7F
"(0,0) 원점",-8.965535413444304,-11.61390840088934,0.0,7F
지하 1층 평면도,647.4706584832525,43.5554662213612,0.0,B1F
CLEAN ROOM,866.1450305619162,349.12194374197696,0.0,B1F
공동실험팀,870.3385527206074,343.0707056337695,0.0,B1F
TEM시편준비실,1053.7815445896442,244.9856420486312,0.0,B1F
공동실험팀,1059.2135308916172,239.0865379209286,0.0,B1F
중앙감시실,649.3333672848983,597.1294207554888,0.0,B1F
ELEV실,691.2355926316492,327.3940774724581,0.0,B1F
3D프린터실,518.3468191885847,271.3687015547927,0.0,B1F
공동실험팀,518.9660907294123,265.4695974270901,0.0,B1F
ARES실,514.7780153184988,335.6180548445932,0.0,B1F
공동실험팀,510.117414803265,329.5668562055726,0.0,B1F
FIB실,729.8840571573189,244.9856420486312,0.0,B1F
공동실험팀,722.5888884234585,239.0865379209286,0.0,B1F
Yellow Room,1056.5735948635863,349.12194374197696,0.0,B1F
공동실험팀,1059.2135308916172,343.0707056337695,0.0,B1F
공동실험팀,662.0604433823585,239.0865379209286,0.0,B1F
열환경실험실,589.272000600341,348.81228823696966,0.0,B1F
공동실험팀,592.0641298126568,342.76108959794897,0.0,B1F
전자현미경실,913.9463995055568,282.5423099291529,0.0,B1F
공동실험팀,916.7438175889033,276.64316633226343,0.0,B1F
ELEV실,771.1670109632421,336.55234969983263,0.0,B1F
시편준비실,973.6980909505136,254.60566429233083,0.0,B1F
공동실험팀,973.6980909505136,248.55444591871674,0.0,B1F
E-BEAM실,590.0488331348579,256.77844302544537,0.0,B1F
공동실험팀,588.8049222437984,250.72722465183128,0.0,B1F
TEM실,1023.05296708644,254.60566429233083,0.0,B1F
공동실험팀,1017.3113055448666,248.55444591871674,0.0,B1F
열환경쳄버제어실,641.2615238932682,355.33068364009324,0.0,B1F
공동실험팀,649.643042524499,349.2794455318859,0.0,B1F
XRD실,783.5791229500708,259.72801482389,0.0,B1F
공동실험팀,777.8374614084964,253.67679645027593,0.0,B1F
CLEAN ROOM,961.2859789636846,349.12194374197696,0.0,B1F
공동실험팀,965.474054374598,343.0707056337695,0.0,B1F
전해연마실,926.5178880686667,218.3745789176462,0.0,B1F
공동실험팀,926.5178880686667,214.64947706784886,0.0,B1F
BF01,493.8223242194553,450.6471909847298,0.0,B1F
"(0,0) 원점",-8.965535413444304,-11.61390840088934,0.0,B1F
