Floor,POI_Name,Position_X,Position_Y,Position_Z
B1F,전산실습실,1589.058,-57.916,1465.304
B1F,일반물리학실험실,1691.000,-57.916,1505.200
B1F,일반물리학실험실,1788.100,-57.916,1505.200
B1F,중강의실,1954.600,-57.916,1493.200
B1F,송무현강의실,1954.600,-57.916,1307.600
B1F,일반물리학실험실,1954.600,-57.916,1164.500
B1F,중강의실,1954.600,-57.916,1049.400
B1F,중강의실,1954.600,-57.916,895.700
B1F,화장실,1803.700,-57.916,929.000
B1F,화장실,1803.700,-57.916,1379.500
B1F,일반물리학실험실,1803.700,-57.916,824.400
B1F,일반물리학실험실,1707.900,-57.916,824.400
B1F,전산실습실,1587.600,-57.916,861.500
B1F,ActiveLearningStudio,1587.600,-57.916,1101.400
B1F,ActiveLearningStudio,1587.600,-57.916,1213.000
B1F,말레이시아기도실,1570.800,-57.916,1306.300
B1F,공학교육혁신센터,1570.800,-57.916,1010.600
1F,공동연구실,1843.274,-3.316,957.300
1F,고시실,1843.274,-3.316,873.400
1F,연구실,1843.274,-3.316,810.900
1F,실험실습실,1590.700,-3.316,811.400
1F,전기전자공학부실험실,1590.700,-3.316,929.500
1F,동아리실,1575.100,-3.316,1019.000
1F,동아리실,1575.100,-3.316,1306.300
1F,전기전자공학부실험실,1590.700,-3.316,1101.200
1F,전기전자공학부실험실,1590.700,-3.316,1217.000
1F,전기전자공학부실험실,1590.700,-3.316,1374.900
1F,화장실,1719.100,-3.316,1400.300
1F,화장실,1711.900,-3.316,897.000
1F,전기전자공학부실험실,1590.700,-3.316,1454.800
1F,학부서버실,1668.800,-3.316,1465.800
1F,컴퓨터서버실,1668.800,-3.316,1531.300
1F,방재센터,1724.900,-3.316,1531.300
1F,전자기기및전력전자실험실,1839.200,-3.316,1509.200
1F,공동연구실,1839.200,-3.316,1396.500
1F,MDF,1724.900,-3.316,1465.800
1F,전기전자공학부실험준비실,1590.700,-3.316,1530.300
2F,인지모델연구실,1842.900,31.366,808.800
2F,인지모델연구실,1707.200,31.366,814.500
2F,인지모델연구실,1707.200,31.366,860.900
2F,인간공학실험실,1707.200,31.366,1497.000
2F,컴퓨터실습실,1593.300,31.366,1501.100
2F,전산실습실,1583.200,31.366,1393.300
2F,생산시스템실험실,1583.200,31.366,1283.100
2F,산업경영공학부실험실,1583.200,31.366,1176.200
2F,데이터사이언스연구실,1583.200,31.366,1072.600
2F,전산실습실,1583.200,31.366,964.100
2F,강의실,1594.000,31.366,847.100
2F,화장실,1722.400,31.366,906.700
2F,화장실,1722.400,31.366,1406.200
2F,공급사슬및가치망분석연구실,1842.300,31.366,856.600
2F,공급사슬및가치망분석연구실,1842.300,31.366,890.100
2F,데이터사이언스융합데이터분석연구실,1842.300,31.366,927.300
2F,데이터마이닝및품질관리연구실,1842.300,31.366,962.000
2F,데이터마이닝및품질관리연구실,1842.300,31.366,1017.500
2F,물류교통정보시스템연구실,1842.300,31.366,1089.500
2F,지능시스템설계연구실,1842.300,31.366,1160.800
2F,지능정보시스템연구실,1842.300,31.366,1230.300
2F,생산시스템경영연구실,1842.300,31.366,1305.500
2F,최적화연구실,1842.300,31.366,1360.300
2F,Informatics,1842.300,31.366,1394.700
2F,융합데이터분석연구실,1842.300,31.366,1430.400
2F,융합데이터분석연구실,1842.300,31.366,1467.400
2F,인간공학실험준비실,1842.300,31.366,1503.100
2F,인간공학디자인연구실,1842.300,31.366,1536.900
3F,지반공학연구실,1576.315,66.047,800.615
3F,지반공학연구실,1582.100,66.047,877.900
3F,건축사회환경공학부세미나실,1582.100,66.047,952.700
3F,위험물창고,1582.100,66.047,1085.600
3F,이디엔씨세미나실,1582.100,66.047,1162.100
3F,세미나실,1582.100,66.047,1230.500
3F,에너지재료연구실,1582.100,66.047,1385.100
3F,에너지변환소재소자연구실,1582.100,66.047,1462.200
3F,ACELab.,1582.100,66.047,1526.100
3F,환경재료촉매연구실,1675.900,66.047,1526.100
3F,환경재료촉매연구실,1675.900,66.047,1467.700
3F,AOP시스템연구실,1737.500,66.047,1467.700
3F,AOP시스템연구실,1737.500,66.047,1526.100
3F,학부모형제작실,1812.100,66.047,1517.600
3F,NOVEL구조연구실,1874.300,66.047,1517.600
3F,증강가상현실실험실,1838.000,66.047,1448.900
3F,건축사회환경공학부실험실,1904.700,66.047,1448.900
3F,지하공간지반시스템연구실,1857.400,66.047,1375.300
3F,블루워터클러스터,1857.400,66.047,1088.300
3F,휴게홀,1857.400,66.047,1228.000
3F,스터디름,1740.100,66.047,1097.200
3F,83학번스터디룸,1676.100,66.047,1097.200
3F,84학번스터디룸,1676.100,66.047,1047.400
3F,정규문스터디룸,1740.100,66.047,1047.400
3F,ACELab.,1857.400,66.047,1013.900
3F,학부건설재료실험실,1832.600,66.047,945.400
3F,건설재료실험실,1896.500,66.047,945.400
3F,건설인재양성사업단,1889.300,66.047,892.600
3F,ACELab.,1821.500,66.047,892.600
3F,구조물성능평가연구실,1871.700,66.047,854.800
3F,구조물안정론연구실,1857.300,66.047,807.800
3F,ACELab.,1737.900,66.047,828.000
3F,스마트콘CNS솔루션연구실,1681.800,66.047,828.000
3F,화장실,1721.700,66.047,1402.200
3F,화장실,1721.700,66.047,908.500
4F,공동연구실,1577.610,100.729,810.700
4F,컴파일러및마이크로아키텍쳐연구실,1577.610,100.729,879.900
4F,공동연구실,1577.610,100.729,956.900
4F,멀티미디어정보연구실,1577.610,100.729,1019.900
4F,무선네트워크응용연구실,1577.610,100.729,1088.100
4F,고성능/지능형컴퓨팅연구실,1577.610,100.729,1160.400
4F,복잡데이터분석연구실,1577.610,100.729,1231.700
4F,실시간시뮬레이터룸,1577.610,100.729,1304.000
4F,초고속집적시스템연구실,1577.610,100.729,1374.200
4F,인지로봇연구실,1577.610,100.729,1432.600
4F,공동연구실,1577.610,100.729,1465.100
4F,RF회로및시스템연구실,1577.610,100.729,1536.400
4F,RF회로및시스템연구실,1564.700,100.729,1500.200
4F,공조실,1709.300,100.729,1500.200
4F,화장실,1714.600,100.729,1401.000
4F,화장실,1714.600,100.729,905.900
4F,차세대전자소자및에너지변환시스템연구실,1736.200,100.729,833.600
4F,컴퓨터비전연구실,1677.600,100.729,833.600
4F,융합회로설계연구실,1731.500,100.729,1074.300
4F,전기전자공학부세미나실,1676.100,100.729,1101.200
4F,전기전자공학부세미나실,1676.100,100.729,1047.900
4F,지능처리신호연구실,1838.900,100.729,1521.400
4F,지능영상처리연구실,1838.900,100.729,1446.500
4F,전력시스템기술연구소,1838.900,100.729,1376.800
4F,나노전자공학연구실,1838.900,100.729,1301.800
4F,미디어통신연구실,1838.900,100.729,1231.100
4F,지능미디어연구실,1838.900,100.729,1158.800
4F,집적회로최적화연구실,1838.900,100.729,1085.900
4F,VLS신호처리연구실,1838.900,100.729,1013.600
4F,집적시스템연구실,1838.900,100.729,942.300
4F,공동연구실,1838.900,100.729,878.700
4F,인공지능정보시스템공학연구실WISELAB,1838.900,100.729,810.100
5F,교수연구실,1546.400,135.349,769.900
5F,교수연구실,1588.500,135.349,769.900
5F,교수연구실,1628.700,135.349,769.900
5F,교수연구실,1668.400,135.349,769.900
5F,교수연구실,1706.600,135.349,769.900
5F,교수연구실,1746.300,135.349,769.900
5F,교수연구실,1786.000,135.349,769.900
5F,교수연구실,1826.700,135.349,769.900
5F,교수연구실,1865.400,135.349,769.900
5F,나노소자연구실,1571.878,135.349,940.200
5F,차세대반도체연구실,1571.878,135.349,863.900
5F,WirelessXLab.,1571.878,135.349,1012.200
5F,소프트로보틱스연구실,1571.878,135.349,1086.300
5F,디스플레이및나노시스템연구실,1571.878,135.349,1135.900
5F,디스플레이및나노시스템연구실,1571.878,135.349,1158.900
5F,디스플레이및나노시스템연구실,1571.878,135.349,1183.900
5F,차세대나노광소자연구실,1551.400,135.349,1215.600
5F,차세대나노광소자연구실,1589.700,135.349,1244.200
5F,반도체및마이크로나노시스템연구실,1589.700,135.349,1303.000
5F,반도체및마이크로나노시스템연구실,1540.100,135.349,1303.000
5F,반도체및MEMS실험실,1573.300,135.349,1389.400
5F,공동연구실,1573.300,135.349,1451.400
5F,나노트로닉스연구실,1573.300,135.349,1502.500
5F,나노트로닉스연구실,1599.400,135.349,1502.500
5F,나노트로닉스연구실,1542.800,135.349,1502.500
5F,나노트로닉스연구실,1578.400,135.349,1537.600
5F,미래배전시스템연구실,1678.600,135.349,1507.000
5F,정보통신시스템연구실,1737.200,135.349,1507.000
5F,화장실,1714.800,135.349,1400.900
5F,화장실,1714.800,135.349,905.800
5F,전기전자공학부교수라운지,1736.400,135.349,1077.100
5F,BK사무실,1681.300,135.349,1077.100
5F,BK사무실,1698.400,135.349,854.200
5F,미래정보망연구실,1842.900,135.349,1524.000
5F,통신및지능시스템연구실,1842.900,135.349,1451.800
5F,통신시스템연구실,1842.900,135.349,1380.600
5F,차세대통신연구실,1842.900,135.349,1306.900
5F,통신신호처리연구실,1842.900,135.349,1233.700
5F,차세대제어시스템연구실,1842.900,135.349,1160.000
5F,적응시스템연구실,1842.900,135.349,1087.800
5F,인공지능및모빌리티연구실,1842.900,135.349,1014.100
5F,분산슈퍼컴퓨팅연구실,1842.900,135.349,941.900
5F,QUIIL연구실,1842.900,135.349,863.700
6F,차세대에너지소재연구실,1571.032,163.151,843.400
6F,차세대에너지소재연구실,1571.032,163.151,883.900
6F,재료공학실험실,1571.032,163.151,943.200
6F,미세조직제어실험실,1571.032,163.151,1015.000
6F,응용스핀트로닉스연구실,1571.032,163.151,1089.100
6F,나노소재및소자연구실,1571.032,163.151,1159.800
6F,환경중심신소재공정연구실,1571.032,163.151,1233.300
6F,환경중심신소재공정연구실,1571.032,163.151,1301.700
6F,광소재및소자실험실,1571.032,163.151,1378.500
6F,반도체및나노소재실험실,1571.032,163.151,1453.600
6F,정보소자재료실험실,1571.032,163.151,1527.500
6F,공조실,1706.300,163.151,1495.300
6F,화장실,1716.100,163.151,1401.300
6F,화장실,1716.100,163.151,904.500
6F,기기분석실,1697.700,163.151,852.100
6F,에너지재료실험실,1681.600,163.151,1077.700
6F,응용스핀트로닉스연구실,1737.400,163.151,1077.700
6F,동적나노바이오공학연구실,1840.900,163.151,1528.100
6F,나노결정전자소재연구실,1840.900,163.151,1453.000
6F,고분자바이오재료연구실,1840.900,163.151,1377.300
6F,나노바이오소재연구실,1840.900,163.151,1304.600
6F,나노텍응용연구실,1840.900,163.151,1232.500
6F,합동연구실,1840.900,163.151,1161.000
6F,정보소자재료연구실,1840.900,163.151,1086.500
6F,합동연구실,1840.900,163.151,1015.600
6F,태양전지연구실,1840.900,163.151,939.900
6F,복합재료연구실,1840.900,163.151,885.700
6F,나노소재및소자연구실,1840.900,163.151,847.000
6F,교수연구실,1869.500,163.151,770.700
6F,교수연구실,1827.200,163.151,770.700
6F,교수연구실,1787.300,163.151,770.700
6F,교수연구실,1746.200,163.151,770.700
6F,교수연구실,1706.100,163.151,770.700
6F,교수연구실,1668.400,163.151,770.700
6F,교수연구실,1629.300,163.151,770.700
6F,교수연구실,1588.200,163.151,770.700
6F,교수연구실,1549.100,163.151,770.700
7F,공정시스템연구실,1571.704,190.952,863.695
7F,나노생명공학연구실,1571.704,190.952,941.100
7F,나노생명공학연구실,1571.704,190.952,1015.300
7F,표면나노공정연구실,1571.704,190.952,1087.600
7F,미세유체공학연구실,1571.704,190.952,1159.800
7F,에너지소재및공정연구실,1571.704,190.952,1235.900
7F,촉매및반응공학연구실,1571.704,190.952,1305.600
7F,촉매및반응공학연구실,1571.704,190.952,1381.100
7F,무기재료및분리반응연구실,1571.704,190.952,1452.700
7F,분자생물공학연구실,1571.704,190.952,1526.200
7F,화공생명공학실험실,1711.100,190.952,1508.300
7F,생물공학연구실표면나노공정연구실,1842.300,190.952,1524.600
7F,에너지소재연구실,1842.300,190.952,1448.800
7F,미세유체공학연구실,1842.300,190.952,1381.200
7F,합성대사공학연구실,1842.300,190.952,1306.000
7F,시스템생명공학연구실,1842.300,190.952,1232.500
7F,나노바이오촉매연구실,1842.300,190.952,1160.800
7F,나노바이오촉매연구실,1842.300,190.952,1086.800
7F,분자설계연구실,1842.300,190.952,1014.500
7F,공정시스템연구실분자설계연구실,1842.300,190.952,942.200
7F,합성생물학및효소공학연구실,1842.300,190.952,867.000
7F,교수연구실,1866.800,190.952,770.800
7F,교수연구실,1827.200,190.952,770.800
7F,교수연구실,1787.000,190.952,770.800
7F,교수연구실,1748.000,190.952,770.800
7F,교수연구실,1708.400,190.952,770.800
7F,교수연구실,1667.600,190.952,770.800
7F,교수연구실,1628.500,190.952,770.800
7F,교수연구실,1589.400,190.952,770.800
7F,교수연구실,1546.300,190.952,770.800
7F,화장실,1715.600,190.952,1397.700
7F,화장실,1715.600,190.952,908.400
7F,분자모델링및시뮬레이션연구실,1707.200,190.952,1073.000
7F,나노에너지융합시스템연구실,1695.000,190.952,850.300
8F,교수연구실,1546.656,218.754,768.842
8F,교수연구실,1588.200,218.754,768.842
8F,교수연구실,1627.000,218.754,768.842
8F,교수연구실,1669.200,218.754,768.842
8F,교수연구실,1707.400,218.754,768.842
8F,교수연구실,1746.200,218.754,768.842
8F,교수연구실,1787.100,218.754,768.842
8F,교수연구실,1825.300,218.754,768.842
8F,교수연구실,1867.500,218.754,768.842
8F,나노재료및기능성초박막연구실,1843.700,218.754,863.600
8F,광전에너지변환 연구실,1843.700,218.754,941.300
8F,전기화학에너지연구실,1843.700,218.754,1013.500
8F,나노에너지융합시스템연구실,1843.700,218.754,1085.700
8F,전자재료실험실,1843.700,218.754,1160.000
8F,전자재료연구실,1843.700,218.754,1215.100
8F,기능성나노구조실험실,1843.700,218.754,1250.900
8F,기능성나노구조연구실,1843.700,218.754,1306.500
8F,나노전자재료실험실,1843.700,218.754,1380.100
8F,나노전자재료연구실,1843.700,218.754,1431.900
8F,초전도재료및응용연구실,1843.700,218.754,1470.400
8F,초전도재료및응용실험실,1843.700,218.754,1522.500
8F,공조실,1706.700,218.754,1495.900
8F,화장실,1717.000,218.754,1398.300
8F,화장실,1717.000,218.754,903.100
8F,회의실,1735.200,218.754,1073.600
8F,화공생명공학과행정실,1680.600,218.754,1073.600
8F,유기반도체공정연구실,1572.500,218.754,1521.800
8F,가공실,1572.500,218.754,1470.000
8F,전자유기복합재료연구실,1572.500,218.754,1433.200
8F,나노전자유기복합재료실험실,1572.500,218.754,1382.800
8F,마그네틱스실험실,1572.500,218.754,1301.700
8F,나노전자재료연구실,1572.500,218.754,1230.800
8F,반도체공정및분석연구실,1572.500,218.754,1161.000
8F,나노재료및기능성초박막연구실,1572.500,218.754,1088.700
8F,나노바이오계면공학연구실,1572.500,218.754,1013.200
8F,프론티어계면공학연구실,1572.500,218.754,940.200
8F,나노유기재료연구실,1572.500,218.754,861.000
8F,차세대반도체연구실,1698.500,218.754,849.800
